1,高校ゼミ・エセンス英I,1,英語
2,高校ゼミ・エセンス英II,1,英語
3,高校ゼミ・漢文,1,国語
4,高校ゼミ・エセンス英作文,1,英語
5,高校ゼミ・スタンダード英語II,2,英語
6,高校ゼミ・スタンダード数学B,2,数学
7,高校ゼミ・スタンダード数学II,2,数学
8,高校ゼミ・エセンス数学総合,3,数学
9,高校ゼミ・エセンス数学I,3,数学
10,高校ゼミ・スタンダード数学A,3,数学
11,高校ゼミ・スタンダード数学I,3,数学
12,高校ゼミ・エセンス数学A,3,数学
13,高校ゼミ・エセンス英語長文,4,英語
14,高校ゼミ・エセンス英文解釈,4,英語
15,高校ゼミ・スタンダード英語I,4,英語
16,パルスワーク中学地理,5,社会
17,パルスワーク中学１年理科,5,理科
18,パルスワーク中学２年理科,5,理科
19,パルスワーク中学３年理科,5,理科
20,パルスワーク中学歴史,5,社会
21,高校ゼミ・エセンス英語構文,5,英語
22,高校ゼミ・エセンス英文法総合,5,英語
23,高校ゼミ・エセンス数学B,5,数学
24,高校ゼミ・エセンス数学C,5,数学
25,高校ゼミ・エセンス数学II,5,数学
26,高校ゼミ・エセンス数学III,5,数学
27,高校ゼミ古文II,5,国語
28,高校ゼミ古文III 文法編,5,国語
29,高校ゼミ小論文,5,小論文
30,MJスタンダード 中学１年数学,6,数学
31,MJスタンダード 中学２年数学,6,数学
32,MJスタンダード 中学３年数学,6,数学
33,パルスワーク中学３年社会,6,社会
34,高校ゼミ古文I,6,国語
35,高校ゼミ古文III 読解編,6,国語
36,MJ中1 英語,7,英語
37,MJ中2 英語,7,英語
38,MJ中3 英語,7,英語
39,MJ算数1,7,算数
40,MJ算数2,7,算数
41,MJ算数3,7,算数
42,MJ算数4,7,算数
43,MJ算数5,7,算数
44,MJ算数6,7,算数
45,MJ数学1,7,数学
46,MJ数学2,7,数学
47,MJ数学3,7,数学
48,MJ社会4,7,社会
49,MJ社会5,7,社会
50,MJ社会6,7,社会
51,MJ社会のまとめ,7,社会
52,MJ理科4,7,理科
53,MJ理科5,7,理科
54,MJ理科6,7,理科
55,MJ理科のまとめ,7,理科
56,パルス小4算数,8,算数
57,パルス小5算数,8,算数
58,パルス小6算数,8,算数
59,MJ小1こくご,9,国語
60,MJ小2国語,9,国語
61,MJ小3国語,9,国語
62,MJ小4国語,9,国語
63,MJ小5国語,9,国語
64,MJ小6国語,9,国語
65,MJ中1国語,9,国語
66,MJ中2国語,9,国語
67,MJ中3国語,9,国語
68,パルス小4国語,9,国語
69,パルス小5国語,9,国語
70,パルス小6国語,9,国語
